Run,Channel,Entries,Mean,MeanError,RMS,Min,Max
1307,tq01_r1,10353,1.771,0.000154397,0.0157098,1.71489,1.82924
1307,tq01_r2,10353,1.80022,0.00016098,0.0163797,1.73875,1.85848
1307,tq01_r3,10353,1.78669,0.000156852,0.0159597,1.73101,1.85315
1307,tq01_r4,10353,1.81086,0.000159298,0.0162086,1.74714,1.87764
1307,tq01_r5l,10353,1.8051,0.000158366,0.0161137,1.74757,1.87926
1307,tq01_r5c,10353,1.84998,0.000168258,0.0171202,1.79176,1.91343
1307,tq01_r5r,10353,1.80451,0.00015725,0.0160002,1.7365,1.8654
1307,tq01_r6,10353,1.79137,0.000161779,0.0164609,1.73609,1.86606
1307,tq02_r1,10353,1.8156,0.000157608,0.0160366,1.75338,1.87247
1307,tq02_r2,10353,1.80894,0.000162109,0.0164946,1.73995,1.87257
1307,tq02_r3,10353,1.77343,0.000157026,0.0159774,1.71167,1.84902
1307,tq02_r4,10353,1.81502,0.000160692,0.0163504,1.7525,1.88516
1307,tq02_r5l,10353,1.82867,0.000163213,0.0166069,1.76359,1.89744
1307,tq02_r5c,10353,1.80278,0.00016099,0.0163807,1.74016,1.87576
1307,tq02_r5r,10353,1.80375,0.000161498,0.0164323,1.75116,1.8758
1307,tq02_r6,10353,1.82421,0.000159295,0.0162082,1.76714,1.88682
1307,tq03_r1,10353,1.76944,0.000156273,0.0159007,1.69824,1.83551
1307,tq03_r2,10353,1.78487,0.000158773,0.0161551,1.7296,1.85139
1307,tq03_r3,10353,1.79963,0.00015794,0.0160704,1.74041,1.86215
1307,tq03_r4,10353,1.7954,0.000161292,0.0164114,1.73704,1.86696
1307,tq03_r5l,10353,1.79948,0.000156957,0.0159703,1.73516,1.86638
1307,tq03_r5c,10353,1.83922,0.000161526,0.0164352,1.77357,1.90379
1307,tq03_r5r,10353,1.87258,0.000161423,0.0164247,1.81243,1.93522
1307,tq03_r6,10353,1.87781,0.000164058,0.0166929,1.81667,1.94114
1307,tq04_r1,10353,1.80046,0.000160231,0.0163034,1.7429,1.86175
1307,tq04_r2,10353,1.79358,0.000156301,0.0159036,1.73522,1.84972
1307,tq04_r3,10353,1.77318,0.000155849,0.0158576,1.71865,1.82807
1307,tq04_r4,10353,1.79625,0.000156378,0.0159114,1.7333,1.85949
1307,tq04_r5l,10353,1.80739,0.00016119,0.016401,1.74677,1.86742
1307,tq04_r5c,10353,1.7857,0.000157051,0.0159799,1.72119,1.84368
1307,tq04_r5r,10353,1.82533,0.00015982,0.0162616,1.76431,1.88572
1307,tq04_r6,10353,1.80295,0.000157272,0.0160024,1.73896,1.8593
1307,tq05_r1,10353,1.80887,0.000160018,0.0162818,1.75183,1.87572
1307,tq05_r2,10353,1.78803,0.00015911,0.0161894,1.71901,1.84858
1307,tq05_r3,10353,1.79457,0.000158877,0.0161656,1.73571,1.86473
1307,tq05_r4,10353,2.04843,0.000172054,0.0175064,1.98575,2.12921
1307,tq05_r5l,10353,1.795,0.000161301,0.0164124,1.72615,1.85802
1307,tq05_r5c,10353,1.75584,0.000154502,0.0157206,1.69343,1.81572
1307,tq05_r5r,10353,1.81552,0.000160466,0.0163273,1.74721,1.88164
1307,tq05_r6,10353,1.85862,0.000163358,0.0166216,1.79567,1.91409
1307,tq06_r1,10353,1.80168,0.000158564,0.0161339,1.74142,1.86576
1307,tq06_r2,10353,1.79358,0.000159553,0.0162345,1.73096,1.8551
1307,tq06_r3,10353,1.78474,0.000157644,0.0160402,1.72406,1.85
1307,tq06_r4,10353,1.83991,0.000158225,0.0160993,1.78545,1.90413
1307,tq06_r5l,10353,1.85322,0.000162414,0.0165256,1.79172,1.91621
1307,tq06_r5c,10353,1.77906,0.000160011,0.0162811,1.72154,1.83912
1307,tq06_r5r,10353,1.77881,0.000156148,0.015888,1.7208,1.83769
1307,tq06_r6,10353,1.76639,0.000156373,0.0159109,1.69267,1.83635
1307,tq07_r1,10353,1.87156,0.000162978,0.016583,1.80838,1.93292
1307,tq07_r2,10353,1.7977,0.000166133,0.016904,1.73266,1.86485
1307,tq07_r3,10353,1.8165,0.000159479,0.0162269,1.75961,1.88629
1307,tq07_r4,10353,1.78726,0.000155897,0.0158625,1.72986,1.8482
1307,tq07_r5l,10353,1.81744,0.000158896,0.0161676,1.75886,1.87941
1307,tq07_r5c,10353,1.79246,0.000160217,0.016302,1.72619,1.85608
1307,tq07_r5r,10353,1.75858,0.000155455,0.0158175,1.69449,1.81447
1307,tq07_r6,10353,2.00983,0.000171174,0.0174169,1.94527,2.07698
1307,tq08_r1,10353,1.9586,0.000168637,0.0171588,1.89595,2.02042
1307,tq08_r2,10353,1.80869,0.000162707,0.0165554,1.749,1.87871
1307,tq08_r3,10353,2.1723,0.00018011,0.0183261,2.10542,2.24369
1307,tq08_r4,10353,1.82008,0.000162955,0.0165806,1.75747,1.879
1307,tq08_r5l,10353,1.84179,0.000163278,0.0166135,1.78659,1.90372
1307,tq08_r5c,10353,1.77376,0.000157184,0.0159935,1.71198,1.83822
1307,tq08_r5r,10353,1.81329,0.000160476,0.0163284,1.74501,1.87913
1307,tq08_r6,10353,1.85673,0.000162564,0.0165408,1.79195,1.92347
1307,tq09_r1,10353,1.82347,0.000161425,0.016425,1.76222,1.89734
1307,tq09_r2,10353,1.80734,0.000159571,0.0162363,1.7448,1.88228
1307,tq09_r3,10353,1.77651,0.000156618,0.0159358,1.71976,1.83674
1307,tq09_r4,10353,1.77288,0.000156776,0.0159519,1.71151,1.83522
1307,tq09_r5l,10353,1.80204,0.000159604,0.0162397,1.72993,1.8636
1307,tq09_r5c,10353,1.7791,0.000159521,0.0162312,1.70581,1.83853
1307,tq09_r5r,10353,1.82618,0.000160555,0.0163364,1.76326,1.88755
1307,tq09_r6,10353,1.78306,0.000155235,0.0157951,1.71346,1.85238
1307,tq10_r1,10353,1.88763,0.000165289,0.0168181,1.82558,1.9552
1307,tq10_r2,10353,1.88383,0.000163943,0.0166811,1.81888,1.96073
1307,tq10_r3,10353,1.78741,0.000162433,0.0165275,1.71896,1.846
1307,tq10_r4,10353,1.80945,0.000158566,0.016134,1.7411,1.88092
1307,tq10_r5l,10353,1.83102,0.0001618,0.0164631,1.76417,1.89696
1307,tq10_r5c,10353,1.78681,0.000159177,0.0161962,1.72621,1.84364
1307,tq10_r5r,10353,1.86784,0.000163157,0.0166011,1.80593,1.92873
1307,tq10_r6,10353,1.77295,0.00015935,0.0162139,1.71611,1.83945
1307,tq11_r1,10353,1.75902,0.000144761,0.0147294,1.70239,1.8219
1307,tq11_r2,10353,1.68023,0.000140805,0.0143269,1.6255,1.73232
1307,tq11_r3,10353,1.67983,0.000141142,0.0143612,1.62772,1.73685
1307,tq11_r4,10353,1.81281,0.000148591,0.0151191,1.75452,1.87629
1307,tq11_r5l,10353,1.77855,0.000147696,0.015028,1.72567,1.83145
1307,tq11_r5c,10353,1.65981,0.000138665,0.0141091,1.60948,1.71412
1307,tq11_r5r,10353,1.70271,0.000141143,0.0143613,1.6546,1.75643
1307,tq11_r6,10353,1.74674,0.000144803,0.0147336,1.68907,1.80095
1307,tq12_r1,10353,1.77492,0.000148082,0.0150673,1.72057,1.82616
1307,tq12_r2,10353,1.69042,0.000140994,0.0143461,1.63744,1.74608
1307,tq12_r3,10353,1.73152,0.000143807,0.0146324,1.67944,1.78236
1307,tq12_r4,10353,1.6595,0.000137857,0.0140269,1.60277,1.71339
1307,tq12_r5l,10353,1.6899,0.000140072,0.0142523,1.63409,1.74275
1307,tq12_r5c,10353,1.68737,0.000141094,0.0143563,1.6364,1.7419
1307,tq12_r5r,10353,1.73719,0.000144815,0.0147349,1.68713,1.80088
1307,tq12_r6,10353,1.66549,0.00013784,0.0140252,1.61554,1.71896
1307,tq13_r1,10353,1.77564,0.000145778,0.0148329,1.71942,1.82747
1307,tq13_r2,10353,1.72186,0.000142629,0.0145124,1.66977,1.77019
1307,tq13_r3,10353,2.01821,0.000160361,0.0163167,1.95175,2.07454
1307,tq13_r4,10353,1.68052,0.000138127,0.0140543,1.62317,1.74035
1307,tq13_r5l,10353,1.69656,0.000140701,0.0143163,1.64926,1.75514
1307,tq13_r5c,10353,1.72745,0.000143225,0.0145731,1.66708,1.7779
1307,tq13_r5r,10353,1.80711,0.000146338,0.0148899,1.75381,1.87219
1307,tq13_r6,10353,1.7357,0.000145286,0.0147829,1.67321,1.80063
1307,tq14_r1,10353,1.71607,0.000143506,0.0146017,1.66152,1.77009
1307,tq14_r2,10353,1.70282,0.000140977,0.0143444,1.65229,1.76745
1307,tq14_r3,10353,1.76418,0.000148436,0.0151033,1.70107,1.82256
1307,tq14_r4,10353,1.69913,0.000143358,0.0145866,1.65016,1.75399
1307,tq14_r5l,10353,1.694,0.000142228,0.0144716,1.63872,1.74831
1307,tq14_r5c,10353,1.71629,0.000142202,0.0144691,1.65532,1.78739
1307,tq14_r5r,10353,1.83247,0.00015048,0.0153113,1.78016,1.89555
1307,tq14_r6,10353,1.71405,0.00014538,0.0147923,1.65925,1.76648
1307,tq15_r1,10353,1.72736,0.000144109,0.014663,1.67676,1.78025
1307,tq15_r2,10353,1.67411,0.000140104,0.0142555,1.61913,1.73063
1307,tq15_r3,10353,1.82346,0.000150732,0.0153369,1.76443,1.87696
1307,tq15_r4,10353,1.71207,0.00014313,0.0145635,1.65851,1.76763
1307,tq15_r5l,10353,1.76392,0.000146549,0.0149113,1.71118,1.81803
1307,tq15_r5c,10353,1.6517,0.000136865,0.013926,1.59606,1.70828
1307,tq15_r5r,10353,1.83601,0.000152575,0.0155244,1.77652,1.90694
1307,tq15_r6,10353,1.68427,0.000139944,0.0142393,1.61779,1.74112
1307,tq16_r1,10353,1.75592,0.000145395,0.0147939,1.70082,1.81621
1307,tq16_r2,10353,1.76509,0.00014539,0.0147934,1.70811,1.82013
1307,tq16_r3,10353,1.7216,0.000142328,0.0144819,1.66103,1.77813
1307,tq16_r4,10353,1.68034,0.000138924,0.0141355,1.62903,1.72847
1307,tq16_r5l,10353,1.74583,0.00014371,0.0146224,1.68791,1.806
1307,tq16_r5c,10353,1.82416,0.000150254,0.0152883,1.77133,1.87437
1307,tq16_r5r,10353,1.73711,0.00014547,0.0148015,1.67914,1.79591
1307,tq16_r6,10353,1.66373,0.000139345,0.0141783,1.60709,1.71634
1307,tq17_r1,10353,1.74885,0.000144414,0.014694,1.69362,1.8149
1307,tq17_r2,10353,1.68986,0.000140309,0.0142764,1.6288,1.74223
1307,tq17_r3,10353,1.68312,0.000139814,0.014226,1.62542,1.75023
1307,tq17_r4,10353,1.71128,0.000141788,0.0144269,1.65863,1.77158
1307,tq17_r5l,10353,1.75269,0.000145218,0.0147759,1.69561,1.81222
1307,tq17_r5c,10353,1.69845,0.000141627,0.0144105,1.64129,1.75702
1307,tq17_r5r,10353,1.74813,0.000145242,0.0147783,1.6966,1.80227
1307,tq17_r6,10353,1.73234,0.000142859,0.0145359,1.67821,1.79253
1307,tq18_r1,10353,1.73281,0.000144278,0.0146803,1.68475,1.78863
1307,tq18_r2,10353,1.69794,0.000140198,0.0142651,1.64303,1.75542
1307,tq18_r3,10353,1.8434,0.000151017,0.015366,1.78669,1.90493
1307,tq18_r4,10353,1.6601,0.000138563,0.0140987,1.60982,1.71127
1307,tq18_r5l,10353,1.67181,0.000139378,0.0141817,1.61707,1.72589
1307,tq18_r5c,10353,1.72699,0.000142519,0.0145013,1.67373,1.78012
1307,tq18_r5r,10353,1.78762,0.000147056,0.0149629,1.72729,1.84243
1307,tq18_r6,10353,1.73516,0.00014523,0.0147771,1.67751,1.79642
1307,tq19_r1,10353,1.67297,0.000137583,0.013999,1.61005,1.72563
1307,tq19_r2,10353,1.69476,0.000142543,0.0145037,1.62595,1.74828
1307,tq19_r3,10353,1.80656,0.000148162,0.0150754,1.74567,1.85678
1307,tq19_r4,10353,1.67619,0.000138285,0.0140705,1.61908,1.73713
1307,tq19_r5l,10353,1.74219,0.0001435,0.014601,1.6885,1.79694
1307,tq19_r5c,10353,1.71828,0.000143078,0.0145582,1.66698,1.77391
1307,tq19_r5r,10353,1.73044,0.000144292,0.0146816,1.67591,1.77939
1307,tq19_r6,10353,1.71972,0.000143128,0.0145632,1.66613,1.78186
1307,tq20_r1,10353,1.70178,0.000140981,0.0143448,1.64041,1.76039
1307,tq20_r2,10353,1.66795,0.000137567,0.0139974,1.61136,1.71923
1307,tq20_r3,10353,1.70418,0.000140422,0.0142879,1.65401,1.76815
1307,tq20_r4,10353,1.6949,0.000142546,0.014504,1.63968,1.75109
1307,tq20_r5l,10353,1.74558,0.000144297,0.0146821,1.68381,1.79549
1307,tq20_r5c,10353,1.69659,0.000139905,0.0142353,1.64366,1.74931
1307,tq20_r5r,10353,1.7043,0.000143204,0.014571,1.65437,1.76743
1307,tq20_r6,10353,1.70944,0.000141017,0.0143485,1.65743,1.76885
1307,tq21_r1,10353,1.69555,0.000141997,0.0144481,1.64502,1.74534
1307,tq21_r2,10353,1.68752,0.000139189,0.0141624,1.63312,1.7498
1307,tq21_r3,10353,1.65955,0.000139713,0.0142158,1.60638,1.71566
1307,tq21_r4,10353,1.72194,0.000144476,0.0147004,1.66338,1.78079
1307,tq21_r5l,10353,1.70179,0.000141488,0.0143964,1.64631,1.75337
1307,tq21_r5c,10353,1.6935,0.000139729,0.0142173,1.63932,1.74357
1307,tq21_r5r,10353,1.72299,0.000143422,0.0145931,1.67271,1.77899
1307,tq21_r6,10353,1.67472,0.000136812,0.0139206,1.62518,1.72055
1307,tq22_r1,10353,1.69414,0.000142849,0.0145348,1.63937,1.74806
1307,tq22_r2,10353,1.66179,0.000138819,0.0141248,1.60396,1.71177
1307,tq22_r3,10353,1.66095,0.000136888,0.0139283,1.61135,1.715
1307,tq22_r4,10353,1.75384,0.000147567,0.0150149,1.70158,1.80855
1307,tq22_r5l,10353,1.70834,0.000142131,0.0144618,1.64603,1.76279
1307,tq22_r5c,10353,1.76754,0.000148277,0.0150872,1.71173,1.82562
1307,tq22_r5r,10353,1.73781,0.00014378,0.0146296,1.6873,1.79245
1307,tq22_r6,10353,1.66871,0.000138651,0.0141077,1.60898,1.72261
1307,tq23_r1,10353,1.65783,0.000137966,0.014038,1.60577,1.70998
1307,tq23_r2,10353,1.69717,0.000141263,0.0143735,1.63763,1.74894
1307,tq23_r3,10353,2.03731,0.000160064,0.0162864,1.97462,2.10211
1307,tq23_r4,10353,1.65121,0.00013795,0.0140364,1.59973,1.70264
1307,tq23_r5l,10353,1.73812,0.0001419,0.0144382,1.68312,1.79576
1307,tq23_r5c,10353,1.69406,0.000139266,0.0141703,1.64145,1.74396
1307,tq23_r5r,10353,1.67336,0.000139634,0.0142077,1.61557,1.72556
1307,tq23_r6,10353,1.66859,0.000138602,0.0141027,1.60753,1.72941
1307,tq24_r1,10353,1.73648,0.00014303,0.0145532,1.67609,1.79614
1307,tq24_r2,10353,1.72696,0.000145256,0.0147797,1.669,1.78018
1307,tq24_r3,10353,1.76156,0.000145141,0.0147681,1.70594,1.8177
1307,tq24_r4,10353,1.71501,0.00014234,0.014483,1.65365,1.76678
1307,tq24_r5l,10353,1.70496,0.000144972,0.0147508,1.65134,1.75764
1307,tq24_r5c,10353,1.66325,0.000138692,0.0141119,1.61203,1.71655
1307,tq24_r5r,10353,1.68257,0.000140264,0.0142718,1.63114,1.73625
1307,tq24_r6,10353,1.69893,0.000142177,0.0144665,1.64181,1.75587
1307,tq25_r1,10353,1.74027,0.000142894,0.0145394,1.68889,1.79927
1307,tq25_r2,10353,1.66926,0.000139268,0.0141704,1.61906,1.72082
1307,tq25_r3,10353,1.70611,0.000142448,0.014494,1.6511,1.76179
1307,tq25_r4,10353,1.70743,0.00014285,0.014535,1.65072,1.76201
1307,tq25_r5l,10353,1.6993,0.000142697,0.0145193,1.64926,1.75151
1307,tq25_r5c,10353,1.70004,0.00014063,0.0143091,1.64153,1.75588
1307,tq25_r5r,10353,1.67276,0.000139603,0.0142046,1.61938,1.72403
1307,tq25_r6,10353,1.66534,0.000139997,0.0142446,1.60945,1.72474
1307,tq26_r1,10353,1.6999,0.000141555,0.0144032,1.64309,1.75002
1307,tq26_r2,10353,1.69813,0.000141641,0.0144119,1.64449,1.7549
1307,tq26_r3,10353,1.68239,0.000140152,0.0142604,1.61072,1.73996
1307,tq26_r4,10353,1.6888,0.000140319,0.0142774,1.63693,1.74742
1307,tq26_r5l,10353,1.68606,0.000140616,0.0143076,1.6376,1.74944
1307,tq26_r5c,10353,1.68741,0.000139411,0.014185,1.63669,1.73698
1307,tq26_r5r,10353,1.70633,0.000142377,0.0144868,1.6571,1.77369
1307,tq26_r6,10353,1.67431,0.000138977,0.0141409,1.61798,1.72751
1307,tq27_r1,10353,1.69068,0.000141875,0.0144357,1.63301,1.74868
1307,tq27_r2,10353,1.66509,0.000137877,0.014029,1.6139,1.71681
1307,tq27_r3,10353,1.66773,0.00013831,0.014073,1.61017,1.72172
1307,tq27_r4,10353,1.70469,0.000142408,0.0144899,1.65383,1.76171
1307,tq27_r5l,10353,1.75626,0.000145997,0.0148551,1.70704,1.82827
1307,tq27_r5c,10353,1.78968,0.000146366,0.0148927,1.7247,1.84605
1307,tq27_r5r,10353,1.7136,0.000141247,0.0143719,1.664,1.77421
1307,tq27_r6,10353,1.73401,0.000144576,0.0147105,1.68054,1.78861
1307,tq28_r1,10353,1.77041,0.000148152,0.0150744,1.70863,1.82594
1307,tq28_r2,10353,1.70438,0.000141676,0.0144154,1.64882,1.76342
1307,tq28_r3,10353,1.70601,0.000141874,0.0144357,1.65096,1.75691
1307,tq28_r4,10353,1.70187,0.000142632,0.0145127,1.65033,1.75164
1307,tq28_r5l,10353,1.69863,0.000140189,0.0142642,1.65133,1.75638
1307,tq28_r5c,10353,1.81769,0.000151142,0.0153787,1.75278,1.88548
1307,tq28_r5r,10353,1.70913,0.00013998,0.0142429,1.6539,1.76105
1307,tq28_r6,10353,1.71724,0.000141994,0.0144478,1.66028,1.77394
1307,tq29_r1,10353,1.68226,0.000138555,0.0140979,1.62223,1.73498
1307,tq29_r2,10353,1.65844,0.000136815,0.0139209,1.60763,1.70847
1307,tq29_r3,10353,1.69929,0.000140167,0.014262,1.6477,1.75415
1307,tq29_r4,10353,1.70821,0.000141747,0.0144227,1.65687,1.76446
1307,tq29_r5l,10353,1.66944,0.000138666,0.0141092,1.60725,1.72388
1307,tq29_r5c,10353,1.6588,0.000136783,0.0139176,1.60592,1.71766
1307,tq29_r5r,10353,1.72576,0.000142341,0.0144832,1.66307,1.7822
1307,tq29_r6,10353,1.69688,0.000142974,0.0145476,1.63749,1.75297
1307,tq30_r1,10353,1.74973,0.000145318,0.014786,1.69484,1.8052
1307,tq30_r2,10353,1.68218,0.000139353,0.0141792,1.6247,1.7366
1307,tq30_r3,10353,1.67293,0.000139674,0.0142118,1.60434,1.7248
1307,tq30_r4,10353,1.72199,0.000141422,0.0143897,1.66666,1.776
1307,tq30_r5l,10353,1.75736,0.000144,0.0146519,1.70098,1.81417
1307,tq30_r5c,10353,1.76101,0.000146122,0.0148678,1.70459,1.82042
1307,tq30_r5r,10353,1.72957,0.000142644,0.014514,1.67295,1.78228
1307,tq30_r6,10353,1.71004,0.000141651,0.014413,1.65105,1.76832
1307,tq31_r1,10353,1.71071,0.000141765,0.0144246,1.65068,1.77043
1307,tq31_r2,10353,1.70159,0.000142952,0.0145453,1.64861,1.75595
1307,tq31_r3,10353,1.87922,0.000156426,0.0159163,1.81588,1.93976
1307,tq31_r4,10353,1.73146,0.000146398,0.014896,1.676,1.7858
1307,tq31_r5l,10353,1.68113,0.00014074,0.0143202,1.6286,1.73824
1307,tq31_r5c,10353,1.79484,0.000150001,0.0152625,1.73205,1.85873
1307,tq31_r5r,10353,1.71066,0.000142901,0.0145401,1.65216,1.76651
1307,tq31_r6,10353,1.67892,0.000138235,0.0140654,1.62744,1.73484
1307,tq32_r1,10353,1.74125,0.00014389,0.0146408,1.68621,1.80109
1307,tq32_r2,10353,1.74056,0.000146148,0.0148705,1.68254,1.79918
1307,tq32_r3,10353,1.70677,0.000139947,0.0142395,1.64286,1.76265
1307,tq32_r4,10353,1.71121,0.000141913,0.0144396,1.64752,1.76573
1307,tq32_r5l,10353,1.68033,0.000139474,0.0141915,1.6261,1.73123
1307,tq32_r5c,10353,1.6882,0.000141717,0.0144196,1.63744,1.74424
1307,tq32_r5r,10353,1.66099,0.000137941,0.0140355,1.59864,1.71612
1307,tq32_r6,10353,1.70492,0.000140825,0.0143289,1.65321,1.75348
1307,tq33_r1,10353,1.64766,0.00013533,0.0137697,1.60026,1.69659
1307,tq33_r2,10353,1.78079,0.000148963,0.015157,1.71201,1.83461
1307,tq33_r3,10353,1.73401,0.000142805,0.0145304,1.68368,1.80151
1307,tq33_r4,10353,1.71546,0.000140597,0.0143057,1.66212,1.77457
1307,tq33_r5l,10353,1.68628,0.000139927,0.0142376,1.63582,1.74247
1307,tq33_r5c,10353,1.79132,0.000148528,0.0151127,1.73014,1.848
1307,tq33_r5r,10353,1.6773,0.000140667,0.0143128,1.62102,1.73103
1307,tq33_r6,10353,1.7221,0.000141765,0.0144245,1.66355,1.78177
1307,tq34_r1,10353,1.66134,0.000138089,0.0140505,1.60925,1.71431
1307,tq34_r2,10353,1.75849,0.000145699,0.0148249,1.70435,1.81975
1307,tq34_r3,10353,1.69262,0.000140312,0.0142767,1.64089,1.74625
1307,tq34_r4,10353,1.69889,0.000142076,0.0144562,1.64117,1.74887
1307,tq34_r5l,10353,1.75481,0.000149019,0.0151626,1.69819,1.81385
1307,tq34_r5c,10353,1.67824,0.000140595,0.0143055,1.62632,1.73141
1307,tq34_r5r,10353,1.6912,0.000142583,0.0145077,1.63892,1.74202
1307,tq34_r6,10353,1.67385,0.000140182,0.0142635,1.61761,1.7282
